촉각,69
탄로,504
시인,1090
동료,28
심야,844
원고,485
몽상가,306
조명,71387
처리,18
때쯤,60845
오랫동안,10468
색안경,4803
패기,1737
영역,630
잔디,11224
포인트,66
코웃음,7930
빚더미,224
전쟁,40361
세면,17441
코끼리,198
포효,228
밤공기,1218
길이,750
처마,163
오랜만,145314
디제이,390
시작,493344
적정,72
투고,485
한복판,584
평정심,186
화가,98492
병신,307
시일,282
생애,21212
가차,3480
촉감,632
무드,12960
?,333
커튼,43416
난리굿,132
싸가지,6667
빌딩,3241
양도,39
보너스,130
포커페이스,6729
손깍지,325
알바,3698
가책,1472
시장,2414
별생각,4566
차이,5279
레슬링,1960
내면,1084
악보,54
얼간이,304
중환자실,81
주지,3597
도시락,150
나이테,3640
재능,481
남발,472
정열,155
뒤통수,11343
자기전,10
스캔,569
예약,642
팬츠,630
트렌디,25
허례허식,17460
미시감,253
어젯밤,54624
여름날,2112
드림,333
만사,1680
일로,937
버거,21182
수평선,16356
마성,386
신발끈,886
못난이,120
신인,38
빠담,2227
번개,3478
이름,326545
잔향,1078
신이,48
삐,31339
칫솔,23261
도서관,1530
소나,80
스트레스,39307
가게,1168
전전,1191
젊음,8979
쥐뿔,1273
등줄기,52
오징어,148
환갑,5148
재단,938
멀티,352
예언,843
해장,45
사,5362
경험,8597
크레딧,1396
자기자신,4
반말,4412
산,51745
창안,630
컨디션,343
시절,103634
안보,6969
살,2549
제안,756
삶,290492
열정,6461
나비,114830
잠자리,339
팽창,126
가격,8
꽃잎,30559
삽,441
무한,7242
고통,33506
상,1470
기준,14500
도박,987
새,51822
구색,1271
색,9006
이마,51745
행선지,642
지령문,55
스케일,3324
손끝,22847
무해,3
샘,570
일사천리,40
생,52402
불교,66
성냥불,165
찬장,46
꾸리,1080
샤,8538
저주,1236
카운트,69
위인,3566
초과,1443
수험생,665
불가능,2360
타이밍,1029
습관,80328
일루,9040
샵,2580
출발역,90
영원,230588
샷,8055
바둑알,72
어디쯤,4358
인류,252
기념일,177
고뇌,1358
도배,2089
모욕,1533
한쪽,5727
만세,5207
아버지,6563
비둘기,147
영웅,3947
재판,67
이까짓거,12
성배,516
향수,18428
뽀록,336
이니셜,100
절제,441
귀염둥이,786
절정,1132
연주,176
금금,468
목욕,435
서,1065
목요,62
최신,768
석,240
독배,36
한계점,88
동그라미,16
선,23412
안부,13643
방방곡곡,25748
소년,11786
첫마디,66
원금,308
축배,5232
설,1443
구석,3160
펜션,153
적중,82
소녀,82801
섬,3760
화초,652
겨울날,300
간격,55
성,6553
특별,802
해제,40
세,329
잔혹,35
금기,438
셀,165
정원,3061
누님,282
일류,126
추임새,230
금칙,81
광채,440
대두,282
대표,3000
반면,350
유부남,292
망아지,476
여지,4
마술,959
구성,609
실재,288
사건,1681
코미디,88
피서지,920
충만,248
알코올,12
미비,1680
신세대,21
스케줄,18720
외로움,52861
사교성,594
아름다움,84868
예외,20
종류,76
스티커,959
분침,348
전투력,240
평행선,3894
인맥,359
압박,1580
질투,44382
파티,12881
환경,15
흡연자,212
반딧불,3030
아빠,50460
기지,2440
실적,510
열중,3
집념,834
리얼,60
핑계,6866
소,451
점장,410
속,1462106
산책,794
손,967463
한마디,63207
리스트,36
오라비,385
솔,1222
도움닫기,792
불금,339
야라,777
이면,152
각국,133
등록,185768
립스틱,3306
솜,10372
점잔,1242
유치원,612
결론,482
지퍼,916
모의,230
불길,2577
손녀,64
진담,462
사고,27671
이모,15
월급,401
소통,10205
대부분,1711
구속,18631
성벽,16
말장난,1508
건너편,796
헛발,5472
그날,158945
진단,112
봄빛,440
판단,19959
청량감,226
통보,215
불구덩이,56
불치,98
사과,21132
공연장,246
모임,455
호기심,44535
두개,1980
내밀,1639
품안,64
옵션,72
회원,92884
쇠,52
배려,33414
내방,12790
감각,9694
며칠,82288
포로,36906
슈퍼,37136
여동생,12
필터링,72
평범,1960
자락,41362
가스렌지,60
광고,533
정의,2843
살갗,151
쇼,7142
모자,1494
사거리,437
대디,1065
습기,11590
터프가이,770
구치소,410
정작,817
뚱스,576
호텔,9685
몸뚱아리,50
접점,52
지폐,3051
접전,56
화장실,690
수,36
자랑,62049
축복,16834
출발,886
고달,18
발목,11418
순,556
지도,3959
술,669247
로켓,581
심장,371218
불공평,226255
파도,81469
용도,18492
미터기,350
고주망태,594
생일,9631
용돈,32626
숨,637372
붕괴,8358
영접,564
시즌,351
비즈니스,39
신중,2690
정장,546
숭,342
선구자,24310
숱,5636
초기,668
숲,2205
파편,18
낭떠러지,304
손톱,12239
실종,805
무지갯빛,933
대딩,72
연습실,681
복사,278
참작,120
그다음,96
한참,55203
예의,17550
쇼윈도,595
고질병,854
성지순례,60
가치,3663
대학,3311
행운,40059
교양,1408
단련,768
일교차,195
회의,24
파동,352
살가죽,468
전진,12892
보상,210
장난감,903
계획,1901
해피엔딩,916
어르신,134
딜레마,2142
완행열차,48
비타민,7200
살결,840
연중무휴,692
호통,10080
비례,40
시집,412
목적,20295
꼬맹이,1689
샤워,22770
라이터,155
갈구,369
팔다리,1298
망사,35
초침,67172
용포,609
깊이,4594
차지,1063
정점,355
회장,24710
아이라인,1980
스타,100208
애민,80
치열,31410
당황,490
중형차,180
불시착,15
진동,10640
우유부단,1168
그만큼,404
흉내,1051
쟁투,150
펜스,412
망상,2397
정적,2844
동물,831
정전,966
가요제,408
왕비,120
순서,617
스키,953
아이디,78
뒷걸음질,10033
슛,5892
신문지,114
클래식,473
스크린,12
총각,1011
차기작,441
주가,170
때깔,1214
강가,980
벽장,720
찻잔,1199
맘속,60922
스,98465
흰머리,36330
오렌지,2400
너트,582
과거사,50
나잇값,61189
불꽃,23107
일몰,1506
슬,1168
착지,18
달력,3665
커플,11887
심정,826
버르장머리,180
흥국,238
감정싸움,32616
분수대,525
메뉴,337
조물주,480
뒷모습,21751
차질,133
스냅,60
메뚜기,384
보석,2974
팔베개,1642
오빠야,20
커피,47435
환기,177
몰입,168
요만큼,1029
한겹,495
레이싱,72
공터,12
싸움,59131
주책,81
땅콩,148
하룻밤,2207
학과,400
핏기,514
시,45584
인물,2010
복선,560
삼각,568
베란다,98
신,127914
쓰레기,5372
심호흡,415
속단,185
외면,36032
예전,191132
구식,2640
실,1978
뇌물,441
보고서,4683
감촉,890
심,544
고동,42
창작,10130
제자,622
입맛,398
풀이,860
고독,2553
싱,114
한계,9782
꽃집,823
싹,1022
제일,532
탈모,5502
파란만장,1960
지은이,180
끝장,4899
쌀,40635
솜털,264
쌈,2130
서사,215
한곳,2263
학교,2300
능선,360
쌍,832
정거장,238
소주병,325
수술,17460
딴소리,1578
풀잎,161
예정,392
패턴,19849
넘넘,1488
반반,21
소파,1971
예절,333
콩알,5472
사기,7525
흉터,944
주검,174
속담,1220
낭비,34883
스텝,6789
주체,988
판타지,5608
건설,864
외모,169542
쌩,40
계란,459
광기,516
집단,333
별일,4311
생존,120
숟가락,2253
터치,148
비루,168
사치,79185
다음해,50
결말,10228
뱀띠,30
숨소리,17458
졸업식,665
괴짜,168
강철,80
알라이,1134
머리맡,2548
풀장,414
물줄기,255
바퀴벌레,176
페퍼민트,672
대화,10441
냇물,163
실지,1176
피눈물,39093
아지랑이,735
꿈자리,30
웃통,336
손님,13124
부탁,100124
후손,300
천진난만,636
에스코트,525
사칭,24310
내부,672
다리,118757
매사,5152
땀내,40131
발밑,621
순수,30729
품위,2013
무력,1845
창제,80
맘가짐,28
준거,261
베개,4043
목줄,6831
유행어,350
우선시,36
최악,2226
썰,40
슬로우,805
요란,8364
완성,2516
궁상,754
누들,64
바보,558321
멘트,2993
말다툼,61
썸,1116
음성,2328
지하,4076
쎄,156
수습,364
노예,670
난사,40
노가리,148
이번,201159
나머지,132
쇠사슬,924
아저씨,64105
불효자,544
버퍼링,630
골덴,1980
제제,2142
사바하,8358
낯빛,917
무례,5472
또래,938
나선,180
가로수,1988
소독,748
필라멘트,5656
횡단보도,1060
보수,34
그늘,46948
낙서,653
마른하늘,1398
자판기,24
선상,141
핑크빛,14798
말썽,1612
오케스트라,672
쇄골,2008
운동,4421
풍요,84
하늘색,290
기간,3861
재현,30
프로,6019
자기애,186
증오감,306
책임,3157
파괴자,720
가슴속,17145
이별,722618
삼촌,196416
반복,182398
창조,150
속도,27009
과녁,2020
수신,136
치유,26627
지구위,72
복수,9882
음소,747
별점,42
질풍,21
뜨내기,17460
허상,9963
진땀,168
개척,4122
멘탈리티,1960
통뼈,39
기차,4895
뺑소니,568
상처,393306
초콜릿,15330
직행,60
응석,1360
큰사람,413
철부지,17904
야망,780
주최,594
유적지,412
사진첩,2172
봄노래,1866
자리,185791
악상,938
고등,425
철벽,600
일반,189
내후년,240
다면,51
언니,53096
병원,642
싫증,37744
난세,80
옷차림,859
생쥐,120
종지부,630
개체,60
무료,810
졸부,55
희극,428
하루살이,3332
책장,105
극단,560
살길,566
짝퉁,9441
비만,844
악사,20
돌덩어리,198
균형,90
자막,228
마음가짐,88
발병,18
자만,2701
잿더미,224
보스,380
심증,125
변주,72
야리꾸리,21895
유리창,1242
앨범,2866
감기,15753
일방,1536
방문,6519
이미지,4522
요령,7100
유일,4028
기겁,462
지혜,2009
상관,52476
아래위,540
심지,11590
의사,1007
운동화,41727
치장,265
채점,325
대출금,90
검색,4863
위압감,135
거실,1388
분노,442
쑥,5148
헹가래,122
허세,1140
썰매,270
천분,60
의상,990
법칙,1077
커리어,50
방화범,84
놀음판,609
거시,6480
합격,60
기척,199
색감,492
전개,777
기계,1344
미소,560323
악셀,126
육첩방,510
언더,492
언덕,16111
빈털털이,138
가난,7974
이불,88205
스트,455
마사지,3002
수수께끼,3563
증명,22600
근대,444
옆집,1143
악성,609
소풍,308
반바지,448
빈말,241
예지,138
홧김,33392
새것,1047
취향,8275
버킷,572
총기,154
열차,200
주기,421
시간,1434684
저격,112
망신,805
팩트,379
여비서,6831
재태크,54
원피스,525
시각,64
잘잘못,12
혁명,156
맨손,602
다이어트,432
식재료,120
입버릇,1701
무릎,149190
개굴,295
고향,964
전화벨,1760
직업란,186
시차,1506
비명,10533
연결,1541
노을,1428
길가,565
일보,579
선수,5387
착각,16781
본심,2030
녹음,329
총칼,510
미스테리,650
이상형,3159
깨달음,1376
무리,5557
관리부,7776
애비,176
보잘것,5472
무마,4
목요일,28344
깍지,600
음식,3914
동갑내기,144
골프,240
중간,3888
출발점,556
자동문,96
차창,477
남사,312
큰일,23798
혼돈,929
노인,612
일분일초,198
현명,1216
덩어리,460
속도위반,129
며칠쯤,3393
격변,116
만약,33470
말씀,2206
맥주병,513
오월,126
전체,1465
기름칠,312
씬,27136
어둠,174956
쓰잘데,9365
친절,3593
포기안,70
씨앗,172
방방,96
여권,369
씹,471
돈다발,14
불통,125
직후,28
사명감,180
산더미,937
미술,1370
시체,834
신참,201
지휘,845
행진,1176
구설수,497
아,3865
악,2680
실망감,7
약물,5795
모르쇠,125
안,1325726
현기증,906
시청,744
대로,2631
알,624107
강아지,1994
술버릇,444
암,388
압,828
앞,550220
팬티,750
옛적,58
애,315956
공평,2828
산토끼,8358
부담,51776
연구,25959
전공,400
악수,7188
허허벌판,30174
이빨,767
날수,27137
시계,88577
형제지간,7
막걸리,4191
허스키,298
소도둑,1220
검정색,128
장롱,20
스뎅,1960
손등,679
야,23204
약,32877
과다,60
요리,2727
시공,228
무한대,1047
공포,230
열광,548
부스럼,938
저축,938
얌,240
퍼즐,18
노점,84
사내,52
양,4547
부팅,615
결백,54
시골,123
뜀박질,144
부대,792
상기,174
방법,26866
옹달샘,254
일부,8691
사냥,120
손때,2052
해결,1529
객기,1185
뒷자리,2036
애송이,126
봉송,48
사탕,17018
유행가,17803
응시,240
실감,48719
어,3622
연출,90
줄기,41862
레벨,476
하나마나,805
얼,7715
유죄,156
부패,130
메이크업,1074
엔터,60
신경,111451
뼛속,3785
업,1198
무명,2828
모래사장,456
소형차,180
밉상,8
에,28335
다방,2853
선심,568
엔,568
폭발,14502
믹스,52
좀비,340
나팔바지,10350
엠,201
재력,799
독서,84
놀이,2549
미친개,238
촌놈,792
콧노래,172148
설득력,938
물리,2034
독설,650
여,11202
역,1335
업데이트,329
비행기,8211
욕망,906
연,2428
전국,6720
열,72310
중고,28
비쥬얼,1390
기름기,282
터널,1349
손해,4593
벚꽃,945913
엿,40
낙하산,12
영,6319
바가지,11725
침입,130
옆,392329
증발,2215
피동,84
예,147341
어필,200
시국,180
몸짓,7599
이벤트,672
진흙,775
메세지,4231
외부,672
연극,1574
구역,2678
따따,5940
신고,20091
음식점,339
실천,350
불가해,9842
단발,2935
벤치,5158
오,5148
옥,46
빨래,18239
온,414
치즈,333
비밀,137282
소홀,450
기침,325
현대판,81
평생,49142
야밤,21
등본,110
옷,95510
영감,1850
식구,170
보금자리,202
잘못,106591
털끝,1044
적금,542
긴급,212
그때,597515
완,96
몸무게,2178
귀밑,78
시간표,50
쵸콜릿,156
딜러,785
양말,122
맹세,14036
조상,63
거리거리,8
대륙,495
가랑비,980
속눈썹,76
딴사람,606
왕,1269
연기,155700
하나,4925
문명,252
굿거리,609
왜,100
과도,9527
재롱,870
머리,349341
민심,130
캠퍼스,1050
청부,36
마을,163
모내기,39
오전,494
외,186
불티,426
내색,339
증후군,22
삼삼오오,680
월급날,429
의심,41141
피난처,28016
헌신,2415
청바지,1032
머릿,2216
세상,1331765
마음,2169732
엄폐,50
욕,55012
컬러,1170
오케이,1680
키스,38531
바이러스,42
의식,4954
잠재력,662
빠루,168
등불,35564
감탄,8560
메뉴판,1297
목격자,352
열기,5601
육지,88
용,608
고래,13169
정착,1430
달밤,600
색칠,2044
버튼,2845
가능,35279
우,184
색깔,27603
운,4854
전기,669
수업,738
엘리베이터,230
가늠,544
유지,4669
울,78011
까치발,855
늦깎이,176
대리,270
안심,1232
구경거리,412
움,8853
도수,1230
쌍코피,8358
오른손,816
썬글라스,72
착취,120
언행,72
악세사리,21
워,137201
시기,24886
원,513720
출생,336
눈치코치,1232
장마,1170
생각,2047709
꽃송이,278460
마니또,440
초대,1783
불조심,8358
정수기,1960
내성,266
식기,1510
막장,386
상상력,50
똥다리,792
가닥,59814
구원,17336
수영,696
한탄,1328
엇모리,609
야자나무,645
평소,11510
수염,170
만신창이,57
위,853724
출세,6831
책임감,2357
경배,386
긴긴밤,574
고속도로,408
곤란,40327
회개,24310
공해,805
공항,1680
예감,16926
성숙,6711
학년,970
시침,514
춘천행,144
별볼일,30
틈새,3969
패딩,8
유,486
정체,1240
불편,15840
박살,2166
불완전,858
맹수,64
영광,306
실축,120
기다림,265
무미건조,486
감나무,258
목청,386
손거울,155
윷,2070
개꿈,840
쉐이크,42
정처,321
만인,453
화답,14
으,3030
꽃길,3139
은,939
김말이,2016
스토리,7786
을,344
강탈,120528
양식장,568
신기,413
작별,4488
음,5545
읍,42
확대,342
의,475
쬐끔,250
음악,321601
점심시간,715
대면,774
수요,62
순대국,498
공허,210
간대,10016
족쇄,1053
두뇌,28
소란,3841
우려,252
참견,12789
오줌,9415
녹지,768
두통,239
이,1350
평수,120
장면,14671
인,3713
창가,7508
박진감,13662
일,697343
가디건,476
촌티,457
연습장,2924
화요일,18926
행각,9415
반사,943
머리카락,116392
임,134
입,284374
잇,504
천사,47694
맑음,1241
구입,58
잎,925213
도시,19215
아파트,351
자,23160
맵시,2183
작,1125
횡설수설,900
잔,112856
빈혈기,805
하루이틀,474
존댓말,115
퇴근길,1726
간판,1246
샹들리에,333
잠,540274
보통날,816
이사,482
잡,52
호의호식,17460
피해,117014
장,5928
애석,421
소량,12
전국구,410
담배,23396
부피,5
재,1168
택시비,484
참고,40
위기,12577
장미꽃,3650
잼,8969
잽,7238
대목,4
예고,2887
아지트,16
경보,312
칵테일,645
문밖,1591
성실,1125
촛농,322
위치,1251
계발,297
덧칠,120
빗물,46012
만점,889
이상,773836
어두움,72
동산,5472
쟤,776
화폐,80
제게,22981
종소리,1695
번지점프,50
서양,45
갈대,264
홈피,1062
내숭,4709
슬픔,99610
수위,1332
지리,181
각도,894
세수,2497
근황,165
은유,180
아랫도리,100
코스모스,3360
정유년,259
공황,542
손수건,2490
화폭,424
전,395658
오지,2886
김칫국,288
발사,2181
절,4793
감투,63
코흘리개,198
김치,2052
반성,1338
점,8760
접근,136
벌판,438
정,414
젖,408
뽀뽀,974
황소고집,30
러쉬,50
덩치,1750
호흡기,55
광대,1604
목축,498
붕대,180
행거,333
동상,234
속력,636
은인,942
이부자리,1189
상태,8982
구슬땀,50
이성,153863
소화제,176
별것,1556
넥타이,28887
인사,112141
지배자,300
대문,66
몰골,504
철새,178
만족,84131
동생,10227
발상,543
호흡,9084
높이,1898
한눈,10809
스피커,896
별거,65
번지수,176
북소리,525
제공,721
여자애,806
미안,52415
인색,924
시궁창,760
노랫말,34602
돌멩이,308
제곱,480
몸값,132
채찍,1442
인상,1519
봄기운,1839
옷장,280
하늘,634135
창고,1350
거울,227480
마중,1573
수작,60669
철석,174
조심,62994
세습,88
분해,195
목금,130
조신,423
잠바,240
순위,101296
진리,963
동선,1491
족,484
수입,1206
하트,378
인생,154664
이곳저곳,15
정규,276
선언,28
아침잠,560
흰눈,458
탄생,9339
묘사,46
사돈,8427
기타,4165
종,3747
개털,2542
편안,16065
좌,261
주눅,6312
월드,240
냄새,210651
낙엽,41363
아래쪽,72
원한,330
어린애,11947
긴장감,1553
매연,63
아안,310
스페셜,18
날씨,65453
모기,82
유지비,17460
빗줄기,235
인성,96
개념,594
츄리닝,49104
비린내,84
새끼,15566
자비,166
무성의,581
지면,90
내심,40
충성,22050
편애,18
박수,71873
급행,80
최소한,25
괴로움,5212
비밀번호,160
낙오,371
온종일,9753
양반,1118
죄,79688
휘핑크림,462
고립,126
눈매,2599
복숭아뼈,213
부활,2980
교차,333
삽시간,60
걸음마,1201
교감,52
고리,776
일개미,642
섹시,62
지명,18
심기,110
일상,176838
출신,3381
핫핑크,410
혼란,129317
존심,3594
쪽박,21
일요일,24
노란빛,255
수정,1748
중학교,602
유감,180
장미,13204
생기,315
몸체,42
수저,699
지목,522
센스,18
지모,216
탄성,497
달빛,83722
일생,582
감당,12716
주,47658
고막,504
죽,72
헤어스타일,391
찜통,72
호랑이,330
예측,10091
굴절,56
망나니,258
대박,15189
줄,14923
전날,52
시크,2559
대형차,180
쪽배,58
줌,987
형벌,120
가을바람,1233
불행,12906
똬리,254
보이,27583
와인,1342
어중이떠중이,180
로또,618
밤샘,406
보장,410
표준어,20
밥상,46
와이,60
자심감,53
밤새,54726
머릿속,42275
기념,42
싱글,144
박스,32
품격,1637
숙제,32
물방울,48073
마이너스,40176
노골적,568
반푼어치,6831
시내,152
맞이,31014
낙원,426
뽀삐,355
이기주의,1082
티비,4372
악셀레이터,410
쥐,1930
악역,2541
솔로,8625
현상금,46
외상,1008
악연,815
한패,9873
가타부타,11104
저녁,12748
마음속,49657
미완,714
원형,5766
소름,76622
지문,174
강단,52
술잔,121892
쥬,1425
푸른빛,528
인사차,133
플러스,40329
에너지,28399
새벽하늘,777
테이프,24310
전동차,182
다모임,240
오매불망,15
당구대,375
메이컵,56
주파수,350
채찍질,1491
응원,1337
불똥,714
현실감,2828
이슈,2547
제기,144
거절,254958
한데,885
변칙,560
상팔자,642
강당,30
여배우,450
눈칫밥,156
멜로,516
하얀색,633
들러리,708
총대,156
양보,1168
양복,216
식탁,5279
코치,600
신나,3352
이슬,1098
멍청이,2386
감독,553
괄호,18
벽걸이,125
친척,992
청색,476
소립,5472
늦잠,18
웅덩이,581
언론,96
불안감,150
득실,897
당부,594
장바구니,36
파문,96
소리,614432
밤하늘,45518
노래방,8385
화해,2156
석유,336
아니마토,343
지,23692
소매,188
걸음,58026
직,1329
면허,30
진,32691
꼰대,3816
한편,229
저녁쯤,480
질,2137
피아노,12217
겉모습,4142
소망,3452
풍경,64920
나이,85348
엔딩,35593
해탈,973
짐,37956
복제,52
동서남북,572
집,406995
걱정,330449
짓,71514
노창,410
재미,9892
얼레,382
징,1183
대변,291
외세,130
해내,705
감동,6954
짝,33509
행기,1512
미움,32015
탐색,2368
아버님,81
먹거리,108
선글라스,56
아웃,7200
막둥이,350
낙인,174
놈팽이,26270
보조,230
영화관,902
짬,238
대본,118
수준,281
순종,436
짱,309
오늘부,42292
한도,1579
속맘,34
냉소,4
카메라,1716
설움,546
글라스,25256
포식자,100
훼손,336
매일,63669
실크,182
선율,2124
그룹,333
두둑,17460
볼일,928
다음번,205
본전,965
울림,303
보라색,5354
몸서리,52
스로,168
갈피,2995
눈물,1885577
퍼스트,66
음절,60
의욕,777
동심,15
너머,85609
복종,25406
하품,2757
신바람,120
가혹,72
동시,2944
불효,784
방세,636
해질녘,477
밀가루,744
충실,23970
고양이,4284
딸내미,60
눈웃음,12807
군지,96
상대,6923
가격표,3323
운명,188355
의용,55
중년,188
상담,716
염탐,7
고문,626
독약,54
발신,35
편지함,26
실낱,155
편위,304
매장,701
완전,241884
성탄절,2312
어른,65201
상단,17512
기능,100
개판,122
논거,98
눈치밥,224
청소,14786
신념,384
질문,47598
지배,699
건조,2553
서점,1144
얼굴색,125
재범,78
찰나,11794
비관론자,123
오감,15840
소멸,46
재벌,876
냉수,1202
보랏빛,11424
인식,84
소용돌이,2810
탄식,497
소모,4
이맘때쯤,44
물빛,148
친구,583461
왼손,1436
난도질,46
방송,26079
어림,6898
게양,50
엄지손가락,540
우물,32244
전세계,5373
미인,2268
쇄도,874
그름,147
칠전팔기,730
관람,36
그릇,1295
말동무,165
오차,6943
황폐,82
선인장,588
강강수월래,8358
번호,42896
벌떼,132
아이,64761
어머님,4328
역대,568
인산인해,112
그린,24310
수지,681
홈런,529
명품,15444
얼룩,436
추억,693107
어머니,5641
피로,2607
편의,380
쪼,1064
치근,888
사고방식,492
모니터,3942
메모,255
기대,130363
길눈,120
와중,59900
강둑,150
입맞춤,2349
원래,582
그림,55999
쫑,74
꿈속,80126
골목,11159
침착,1508
굴지,400
아마추어,480
겉옷,594
숫자,5461
연단,84
관심사,2605
저당,234
성수기,11375
생채기,154
별꼴,3648
약봉지,30
비상,223
권위,380
아재,33
섭외,25126
과로,441
그맘,232
일시,327
환호,5857
브이,198
손목,7958
데낄,3553
삐리,10248
벨트,2876
앞자리,1707
적대,40
이력서,533
고민,401751
취미,3565
개편,63
코쿤,153
부러움,3010
스커트,398
놀이터,2067
청순,2154
범생이,224
컴플렉스,133
겸상,1960
최고,148096
마음뿐,619
의자,1083
봄바람,1795
단서,212
입술,240912
모태,108
폭소,350
회복실,42
현상,192
입수,35386
야성,951
노출,11663
소문,1209
최초,810
미니멀리즘,230
백성,322
국화꽃,462
믿음,16991
뒷통수,215
깃털,20
먹구름,17183
조미료,504
고백,183996
거지,50562
칭찬,29554
선조,180
머리속,10309
막간,50
효과,25219
눈송이,624
등수,123
대비,42
온건,142
먹빛,57
속물,13883
크기,919
내야,705
마감,588
평온,1509
막차,3709
설정,2774
한때,68940
도움,1870
나중,29817
닭살,81
텐트,568
마찬,124
우발,630
긴팔,500
카페인,410
거짓,20871
마차,40733
사회,1091
안전벨트,200
십이월,15840
자전거,150
콧방귀,352
마찰,672
불투명,18
기도,164360
한해,252
입방아,132
스릴,194
야속,54701
팔방,734
코끝,25784
스리,110
전파,261
얼마,43311
명함,570
역동,30
샌님,160
열대,120
자석,9889
윗입술,48
태생,3060
언저리,938
특유,824
구석구석,142
맥주,2973
최대한,150
다수,525
아이러니,1618
뚜껑,1164
노다가,756
식당,778
컴백,1742
안전,410
무릎팍,246
화랑,231
약속,314117
술집,2196
약손,23919
자세,7420
단속,594
잔상,660
청승,1080
레슨,112
시대,12962
푸념,392
왕자,11794
불로,1731
방식,2809
자신감,32677
줏대,130
어중이,258
지붕,2315
연도,336
경쟁자,1064
겸손,3352
출연,90
초가집,54
부류,201
실투,120
지불,6199
만감,252
쯔,64
안정,2037
뒷머리,56
불분명,18
작성,167
건지,50592
차단,313
추월,112
절대,968
뿔테,140
손가락,71792
민족,450
오래간만,170
추위,826
피리,229
근면,52
뒷짐,38
방심,567
잠꼬대,1162
만찬,350
느림보,16
남자,1396091
가을밤,1107
상품,441
가,176145
각,324
구가,1872
맞은편,1253
각선미,140
에러,960
의존,30
간,255
은하수,6720
낯가림,1026
선입견,87
변태,122
찌,64220
여주인공,1363
환희,144
감,57288
갑,1133
값,63349
탑승,1255
주행,938
강,1452
빠빠,49374
목구멍,50
경비대,55
등신,22
연병장,52
해답,3302
개,7530
찜,416
알맹이,162
해당,1506
기둥,174
객관식,513
약수,680
진부,305
발걸음,106081
차,95383
값어치,909
결심,4485
속삭임,180
위트,64
통유리,329
뜻밖,230
코너,2896
흐름,50112
원룸,309
찬바람,11012
갱,792
가까이,894
사흘,14892
권력자,130
참,127134
갸,55377
최근,248
창,108442
이야기꽃,462
비수,10428
닭다리,228
채,86
책,9811
개구리,17031
헤어,17297
초록,458
그물,325
빈속,172
졸업,205
연락처,1101
덧니,90
역풍,30
챙,55
성의,31212
빈손,455
손아귀,704
내용,297
시동,1510
에나멜,343
계상,355
윙크,29538
포식,52
하루쯤,66
게임,52878
세레모니,3556
시도,10693
일쑤,55
요주의,50
삐딱선,50
매진,1002
도장,450
사람,2176366
걸,1985133
계산,51174
인터넷,29189
헤엄,47
사랑,5505796
비평가,375
검,481
겁,129996
개런티,665
것,5620
세월,159318
갈래,14614
겉,23236
폭식,318
통장,975
미지수,504
게,1306923
성장,1655
시작점,1490
손발,8919
낭자,1026
꼭지점,438
처,853488
동안,81818
앓이,174
구걸,1986
광란,472
엄마,204826
가랑이,585
철,11553
크리스마스,8584
아스팔트,877
사필귀정,24
배신,111
겨,45538
첨,12071
검은색,2070
요새,14498
안주,439
청,295
결,20
체,52
힌트,28
쥐구멍,5028
관리,5891
겹,3430
한구석,3931
발악,2999
곁,894378
구경,1563
뱃살,213
내위,153
표현력,404
해독,1200
반열,50
천연,182
중독,7838
동양,1146
열등감,338
제스쳐,55
왕좌,129
안중,509
짜투리,485
빗소리,5853
도전,2023
필름,1744
실패,33825
고,325
곡,32642
수갑,8791
바닷물,279
떠중이,258
아직,1722
국경,252
골,3225
성적,1466
야심,57
벌레,51819
막춤,8358
황홀,9877
물살,272
곰,15446
수가,60
휴머니즘,114
여름밤,35365
곳,537099
공,573
과,2616
신도,10
애완,67
무기력,1762
가루,2032
독점,38
관,1374
열풍,24370
마지막,579800
여행,47919
촉,47857
역할,7504
촌,2411
티셔츠,112
영화배우,280
내음,796
온기,20788
개떡,2828
광,2205
편지,8020
순식간,390
원망,193203
랑데뷰,1608
괘,7728
이것저것,58
총,350
통제,738
속보,244
관자놀이,50
역행,18
키보드,17460
날짜,1329
바둑판,72
엉망,14032
향기,191642
표현,117973
괴,4284
귀신,1354
개떼,642
욕설,84
조작,175
서쪽,1164
기한,387
축제,991
부모,8450
세자,2150
감흥,1377
죄의식,348
수건,656
눈빛,531305
내입,5487
자신,396629
치킨,400
연필,510
빛나리,23931
검진,240
불만,22086
검지,865
채널,598
자식,2772
콘서트,24
계속,52269
내일,282152
돌부처,64
인연,78140
빙산,624
쓸데,289
사나이,10639
유난,3818
노랫소리,13372
바위,922
애원,14121
농구,485
구,72
미치광이,288
순간,800876
의지,4725
군,402
파마머리,140
수요일,19157
고비,528
주인공,53335
어저께,120
굴,1706
전등,90
타올,1906
평정,504
현실,160327
굽,14365
에프터,11208
평점,325
조수석,6
굿,3248
조절,3387
연행,81
티슈,1049
택시,10281
예능,598
수첩,903
미용실,309
만취,3995
아들내미,333
제정신,2638
영웅담,240
버릇,12330
추,1400
축,1722
정답,61707
분풀이,165
존재,36920
가운데,5831
춤,232386
충,758
과묵,4
처음,448324
이용,30287
가능성,96
확률,776
겨울밤,8479
새해,1701
종양,230
루즈,2745
대사,906
조정,272
심판,348
뱃속,784
항해,262
오르막길,1183
장사,989
무중력,50
귀,319118
독주,906
투명,167422
물속,4662
시행착오,253
보채,100
모델,175
공백,3131
롤링,750
상황,62073
수고,18965
눈시울,917
망각,17523
울분,18
대상,17460
자취방,312
이웃,287
원숭이띠,329
양성,497
빠순이,50
솜이불,66
노크,237
방바닥,176
계산기,45
귤,140
말귀,130
가르침,128
다이빙,414
반올림,413
마음씨,190
바이,700
한량,50
굴곡,108
극,80898
오늘내일,888
옛날,15316
코트,622
복창,973
콧날,16743
애인,28194
글,5951
빗속,6583
양손,964
금,78654
극복,4766
급,1116
템포,3124
승리,1218
조종,4183
박자,4984
순결,1152
귓속,8207
마무리,5158
언변,64
네모,16
요술,336
업무,50
츠,21
금물,938
잠버릇,8
대성,126
방안,14324
이윤,44372
반응,10209
대세,24995
무심,34852
기,300042
큰일날,98
이유,335516
건강,3453
까닭,2348
트로피,48
길,439198
드라이브,1820
가해자,72
끝단,40131
무식,1575
무시,30843
지상주의,1140
깃,158
명령,214
끝판,742
기회,110540
정돈,2040
까,1608
풍년,600
무쌍,133
지난날,9151
송두리,441
교과서,80
깔,413
정도,133582
액자,24114
본채,1366
친,2348
신하,413
칠,1244
가면,3043
실오라기,74
시험,7923
잿빛,717
침,75754
깨,8160
칩,333
본건,60
모서리,112
신토불이,348
안쪽,3168
회복제,252
어린잎,1071
진흙탕,40533
교통,500
멸망,1271
카,1795
초면,15
말기,20198
뒷걸음,915
칸,4655
허리춤,1472
첫날밤,800
창대,1371
입안,3629
보고,1232
제대,1340
칼,2472
미친놈,2433
콘티,329
젠트,519
변덕,13694
이자,87
사막,10507
캅,1134
드라이빙,250
대손,78
날갯짓,1004
조준,276
천재,491
동의,263
하루,934807
유통,117
천장,2761
가명,325
통증,182
하나쯤,9721
캔,789
푸레기,18
바캉스,322
과소비,234
사리,52
유토,12
반장,1087
풀대,329
신호탄,72
보관,182
재산,1277
장소,55915
희롱,259
연예인,363
주렴,90
캡,568
타인,72
은근,828
행패,84
둘레,18
발음,3025
타이어,280
추진,5040
재생,860
사망,350
시청자,100
본체,1380
애정,13407
앞머리,656
성질,9474
아이스크림,17233
멤버,1491
하룻,1781
분기점,50
화면,1651
계획안,840
방어,630
모두,211365
문신,14118
갈망,369
우리나라,222
철인,510
목표,6737
물안개,4
궤적,510
빙수,168
전화,382248
타자,7801
껌,29297
전환,792
동작,460
머리꼭지,930
후광,56
타입,81067
고뿔,21
발작,302
건곤,150
훈계,125
거구,96
즐거움,938
퀄리티,309
군침,1220
욕심,46676
옷깃,13412
완결,2695
컵,2481
지사,180
탁자,414
욕실,23307
컷,450
인의,234
반전,5886
케,3676
존중,138069
뒷골목,120
겨울,162732
뒷골,52
이전,469
어지러움,216
장수,50
변동,245
대수,17767
분발,180
지새,2561
당시,925
낯짝,24758
지상,24087
뒷번호,77
흑백,2151
미간,536
켜,1632
플라스틱,636
복권,36
보충,88
모드,270
잠시,14971
아가,714
제동,84
잠식,124
한가지,303
인재,312
꼬,64
모퉁이,1593
이제,2082681
꼴,81819
문제아,535
분배,333
숨바꼭질,840
실행,18
공부,2535
신호,13712
알리바이,16
사명,840
화장기,392
꽃,242943
고1,24310
꽈,1250
선거,180
동정,34892
위험,151002
선택지,126914
주도권,34
코,57932
수치,307
프로필,527
콜,1088
동전,321
바람결,5144
손뼉,20836
양심,1791
행운아,290
진상,1344
콤,56
부끄럼,964
찰떡,1472
지성,588
콩,3424
날개,54729
행동,138172
신화,6634
돌진,802
볼륨감,570
컨셉,491
데드,114
대쉬,118
복귀,665
맛사지,180
나룻배,88
인정,38306
감리,150
탈의,414
용서,45745
여럿,84
비애,14
종일,334619
자존심,30629
숨결,89994
샤워실,800
낙관,150
인적,1198
모래성,136
빌딩숲,66
연락,150382
위협,36
오른쪽,41843
종이,2952
두말,54
별도,8876
잉여,126
짬밥,1960
움직임,36
발버둥,7143
고삐,1740
배역,348
올로케,480
건축,120
몰두,286
방울,10119
심플,40131
실현,840
좌우,123494
꿀,42783
정신병,432
수컷,25824
꿈,1042753
서구,594
대시,298
안개,13711
꿍,1768
술취,474
사기꾼,3094
설레발,1017
업보,1978
단어,5598
모해,7684
피부,67729
거짓말쟁이,531
낑깡,148
비어,3556
고생,23670
실화,2150
쿨,448
말괄량이,79
느낌,208062
희망,62701
밤잠,3203
여론,8
체온,10506
강박감,50
편견,10858
한말,492
쿰,1134
태아,7106
반죽,66
재수,3709
통행료,72
날것,90
대신,75544
한가운데,2133
푸른색,6
눈꺼풀,255
삼류,1347
이중,2404
현관문,422
디스,276
사물,230
초반,807
꼬마,3397
우상,466
망치,6110
사무,2934
주름,2653
코드,832
소유자,40131
부분,640
꼬리,26052
석권,1960
부부,518
우산,15237
질색,924
불법,21
막내,872
골짜기,60
와일드,2220
증거물,100
애증,144
모험,5653
그리움,103358
회피,80
태양,33460
뒤끝,3184
매출,665
불변,72
처지,55
댄스,1596
허공,5767
기록,6269
얼떨결,5940
술김,3275
설계,51
실마리,224
바지,68983
가방,18262
로봇,889
뒷바라지,1620
밀착,355
증오,698
사투리,485
지수,562
영혼,44040
잔나비,329
끄,1188
다운,264
테이블,477
가슴팍,52
끈,75019
줄거리,522
곡선,604
만남,57355
작업,3145
의견,1627
끌,816
주말,14475
질서,2107
꾸중,1680
큐,816
중중모리,609
불확실,345
노트,4785
봉착,30
끝,942098
완급,630
콧대,9325
제자리걸음,126
번민,18
눈싸움,126
표류,253
멍석,189
영화,100688
안경,1216
마녀,80
모자람,48
코피,192
핍박,336
자연,13262
귀머거리,42
웃음꽃,462
냉정,12334
모형,45
끼,54846
매뉴얼,15
물거품,2941
배웅,577
창피,2134
쇼파,60
팽배,18
교포,330
시곗바늘,5537
방장,201
서기,251
태연,104766
청순가련,967
일종,52
항로,50
배우,704
럼주,148
나,1020
격정,125
낙,174
말끝,267
카타파하,252
난,2493
반토막,52
날,5834839
살림살이,54
변해,2800
키,79826
주먹,5545
킥,562
리드,450
남,423914
제때,762
칠판,240
바보짓,696
낫,1982
낭,455
낮,14499
낯,55569
상류,180
천진,154
천하무적,405
입자,375
해바라기,260
설교,276
간밤,24
핏발,154
문제집,72
태엽,71657
낼,1800
취소,536
천지,386
허구,960
반지,13232
타,11514
등장,2358
앞사람,594
함박눈,312
탄,960
가족사,800
탈,5067
냉,26
장미빛,42
도개,2070
동네북,5472
탐,7069
호박씨,67
탑,1586
시력,80
탓,309419
시련,33426
영순위,38
리듬,321195
입장,13911
태,3752
택,3698
랩퍼,2179
좌절,15109
옥수수,9415
사방,2402
답안,57
토론회,55
어깨너머,901
남정네,234
메아리,17152
십자가,15
힙합,5600
오늘,1300883
방전,87
탭,7200
소유욕,539
레저,399
탱,9415
경영,126
깡패,1606
호시탐탐,36
도착,21352
체육,30
초보,413
추가,52
뭉게구름,3360
운전면허,129
다음,148323
세상일,176
여름,343216
소설,7301
차례,45529
각본,535
포장마차,6276
웨이브,230
피씨방,544
생활,37157
단위,16
넋,73291
독창,478
리필,811
굿나잇,1404
널,36818
울상,1336
무언,12901
잠시만,13108
웃음소리,9701
운세,176
삼면,568
얼굴값,11224
포장,35515
확보,805
흥미,1902
장맛비,3100
계약,1788
중력,6302
고수,977
스스로,180
터,30724
턱,5709
인내심,60075
핸드폰,38524
주목,3161
턴,118
동창회,224
사무실,435
털,50
화보,61
원동력,840
지팡이,18
최대,23933
인증,36
녀,138
기름,4563
탕자,546
속셈,16
금빛,364
인질,182
몸뚱이,82
오답,250
비유,42862
테,137497
평가,21810
텍,665
럭셔리,79
인지,1087
왕관,7632
발짝,630
기폭제,252
분비,60
악취,24
탐정,169
증인,306
허튼짓,72
말년,129
떡대,1870
아름드리,245
울음소리,2013
환호성,5040
결정,1609
유품,497
비율,3662
아기,243
칼끝,32
녹,8601
합리,30
산들바람,465
논,218
스터디,235
백일,357
섬광,882
숫기,665
성격,11105
놀,7094
침대,67416
바위틈,924
말버릇,276
변화,11651
경우,309
자유,67366
놈,22351
조각,46189
기만,875
놉,240
마니아,777
쌍둥이,20
아까,91
헛간,546
악기,152
쉐이브,10800
앰뷸런스,564
설거지,383
비음,52
토,76274
왕국,380
구토,125
톤,18
주문,51052
다정,1194
갈대밭,666
화분,497
설치,180
이야기,117285
단잠,11663
염려,274
진심,296815
반쪽,29284
저리,37401
통,10612
암것,36
진실,72666
꼭대기,2737
아침,496659
노을빛,620
칼날,1995
위로,92668
불빛,71624
실례,4495
적립,90
그새,17642
기고만장,630
신뢰,518
레파토리,7079
테스트,450
뇌,58455
전류,116
죄수,15
갈비뼈,78
강물,3778
세간,745
형아,185
두려움,15079
실력,23546
두발,81303
끼니,28
일지,18
쓰루,990
테마,1099
탈진,438
모래,32927
간부,126
화장품,498
입학식,375
적막,2747
요염,76
독촉,123
배정,12
게으름,680
독초,123
연말,582
오지랖,350
배제,11224
성공,41642
통과,18
프리티,276
누,16982
거드름,60
효도,1429
눈,2315416
질식,1246
도화지,8242
혐오,78
우승,291
광복,284
동쪽,472
헛것,612
소수,480
세상만사,48
동남쪽,275
조건,27844
샴푸,2771
스킨십,1570
왜곡,16
스웨터,7174
약정,930
마당,1236
먼발치,72
약점,4546
시름,1840
현재,491
휴식,72
비디오,530
수년,72
단절,854
잔이랑,45
고속터미널,450
출퇴근,546
단정,12191
마담,343
현장,141
단점,5452
사분,75
추구,333
벼랑,14328
장애,561
편의점,202
황금빛,96
페널티,5472
말투,169884
발가락,190
페달,954
척척박사,3
한방,8613
비전,642
장악,441
판때기,1960
숙녀,24853
생략,762
판단력,1472
출처,2175
범벅,1950
눈썹,872
열매,5619
특급,6708
한풀이,48
축구,1104
오래전,1157
라면,3741
신호등,1704
유행,2511
콧등,56
추궁,125
하우스,544
하극상,665
모레,4101
소스,240
넘사,50
온도,7746
빈자리,15571
작전,565
콜라텍,792
차림,1613
특기,165
양옆,1120
꽃다발,1448
세계,26769
자제,1006
늑대,7184
자정,2646
대통령,1215
콤플렉스,571
근성,520
감별,8358
대어,120
망신살,594
박차,122
흥분,12350
주름살,721
늪,13389
한벌,642
폭죽,1044
동반자,1175
은퇴,328
클라이맥스,180
바닷바람,24
자물쇠,498
경쟁,3029
그때쯤,554
따스함,1095
폭주,650
한번,100620
컨트롤,196
작정,884
틀,52847
목록,2263
체중,3933
토끼,770
틈,83348
소식,110995
소신,255
쇼핑,3612
절망,3440
존경,308
연못,490
호불호,78
님,101240
몰락,2370
반쯤,6169
외국인,24685
다,71390
조국,150
무장,206
이쯤,1989
달,136736
닭,259
티,29176
짐승,2135
백화점,55
틱,97677
지구력,18
담,31618
풋내기,168
답,131788
호수,32684
직장인,80
닻,701
우왕좌왕,252
팀,5701
애걸,371
대,275
유혹,178210
주범,266
댁,796
건너,184
반찬,2055
포즈,295
외제차,676
아가리,2289
황인종,441
파,55158
댐,13840
판,3014
농담,5897
팔,31209
추측,69
예술가,36940
팝,127259
독기,386
나날,11621
죄책감,1123
정류장,588
팥,624
담장,70
입체감,642
패,1507
고급지,78
패션,17906
캔버스,26
팬,63420
이차,540
집시,602
더미,58
사팔뜨기,11224
재앙,44
디자인,938
콩떡,2340
위풍당당,122
암기,352
답장,48825
달리기,753
출구,646
개미,560
회로,7
손실,21
동갑,720
문자,42288
부자지,174
나태,535
더,265029
덕,269085
보통,17189
통치,80
할아버지,5520
비중,112
알러지,1116
바람끼,417
테러범,84
주변,24770
펌핑,307
맥아리,254
춤사위,50
실망,7062
덤,6794
어리광,8606
길목,646
덧,4
덩,264450
덫,4161
손잡이,36
교훈,230
망토,15
윈도우,501
뿌리,1535
다짐,282770
문장,182
퍼,1130
승부욕,76
쓴맛,30
조금,265734
뒤편,223
군대,582
물음,26715
비아냥,695
알콜,1536
해명,246
스위치,84
체질,441
깡다구,258
데이트,13306
모래알,1496
인가,2477
유효,135
인간,12867
탕진,6552
펜,2394
숨쉬기,6447
마라톤,760
파악,480
선택,574359
미남,348
전지전능,306
밥그릇,333
전문,122
카펫,122
애초,7366
되풀이,32380
매너,45244
백지,2814
수트,560
콜라,285
정반대,1253
카페,8426
신명,930
미디어,395
난쟁이,413
도,694
독,49673
돈,235884
오해,55675
세금,276
평,200
팀원,55
아로마,180
돌,36364
구도,46
폐,18
계절,182586
잡음,24
촛불,28501
수다,16920
돔,2150
배짱,7545
왼쪽,55500
동,5074
당장,61710
위아래,42292
재연,63
기미,1080
여백,230
오토바이,180
얌전,1760
세기,4231
어깨짐,150
쌍꺼풀,133
요점,46
아내,21146
애교,2236
내기,6186
이맘때,1911
포,48
이골,224
폭,1314
녹화,1506
폰,61
시니컬,48
조치,1188
문제,35957
출근,1170
만수르,574
약지,569
폼,2195
꼬붕,410
테니스,805
척추,8571
표본,234
발견,6593
무죄,156
반대편,3143
봄날,14973
유휴,6
민소매,133
분석,154
손바닥,27977
동경,2307
잠재,584
되,1047
인걸,589
요정,2280
허탈,1274
양아치,39454
조카,19876
재채기,3040
일편단심,96
자질,642
사생활,78
파업,2828
민낯,1673
깽판,122
병신년,259
설탕,2795
혼심,30
동공,68
퇴장,8275
건투,320
정리,15308
빗장,3861
충격,245
인척,620
할부,930
직업,3820
혼신,413
원샷,1520
눈앞,73659
정말,124
신물,224
천국,97397
불침번,386
압박감,870
삼분,333
호숫가,95
눈알,665
유희,96
심리,411
휘파람,1077
머리칼,1114
마디,39560
앙칼,240
표,1042
짚신,18
발광,350
욕조,2647
근심,1643
협조,150
패스,672
월드컵,152
대인,60
구두,5034
멱살,8358
안내,638
개봉,10
지옥,7724
수퍼,4264
아줌마,4206
고집불통,28
띄어쓰기,180
풀,12625
앞길,3134
센치,21805
처방전,42
거대,4300
품,259212
은폐,50
찬물,1078
빨간불,318
껍질,1422
저번,238
외각,76
손목시계,6950
장작,216
숨통,63801
보답,657
몸뚱어리,198
갈림길,3556
서러움,880
공식,57094
괴물,7746
목적지,124
빈집,695
투성,1567
뒤,369557
후대,80
쓸모,1077
진열,696
첫걸음,792
사이즈,667
캐릭터,3502
생일날,2490
일거수일투족,441
훗날,8424
대장,50
수도,10
타국,150
바른말,175
경지,375
가사,346441
본능,119712
옆구리,1252
형제,2041
전방,452
팀장,4472
듀,1206
실물,568
킹카,1632
첫차,1540
예매,254
코린,1680
권태,288
바깥,2989
유리병,504
모멸,67
애기,3488
남자애,537
호르몬,732
비웃음,162
올해,122856
스나이퍼,48
청문회,125
덕분,39537
규율,120
수동,40
모면,816
기본,35454
득,335
울음보,883
들,319237
아쉬움,17831
장전,1673
정면,78
칠흑,2472
애새끼,112
새벽,51929
만땅,1074
화색,389
카드,4416
최후,252
퓨쳐,260
일기장,1746
천금,102
화상,336
얄짤,720
화살,12943
피사체,8971
월세,156
연봉,17553
입가,54206
대접,2376
절반,1117
일촌,18
지원,518
뒷담,565
금술,973
승산,2828
장밋빛,310
일초,374
디,1606
안녕,133265
아낙네,109475
애칭,777
남남,15314
일과,1155
무지,6
몰매,82
이기,158547
신발,9781
딥,348
가세,540
첫인상,72
해방,488
한국인,510
항복,1449
노래,1354086
직원,2110
딸,522
오후,391
통나무,45
용용,936
파란불,254
피,25300
돌고래,441
중반,355
옛사랑,1084
땀,49487
기분,582838
출근길,947
속안,44349
옛사람,778
땅,35326
각성,768
기부,1108
열병,781
보도,2046
백전백승,15
때,2098877
필수,2099
생명,1022
카피,768
돼지,291
화석,27
에서,10500
반칙,7155
우연,53460
하,53894
불규칙,708
학,480
파워,528
한,26091
준비,478159
며느리,64
꽃밭,1290
땡,8263
동기,1430
옷자락,532
걱정거리,23951
질서정연,26
합,615
나팔,12834
핫,21260
메시지,31645
이해심,245
약육강식,100
치료,30171
항,721
낙담,69
우스갯소리,93
보폭,6628
수풀,26220
유명세,336
환상,10660
종교,4143
해,114192
과식,8
과시,1577
핵,1047
이팔청춘,1728
기집애,3483
복도,20
일주일,4709
샘물,3933
이치,1358
답지,565
제비뽑기,21895
차별,258
발길,27726
사상,1131
집안,17144
남녀,680
논란,6380
양주,240
답안지,20
왕년,76
사사,235
클렌징,222
죽을힘,840
국한,642
별말,24780
요즘,204881
환생,15495
인기,58263
철칙,435
손안,135
떡,57141
고요,24261
지인,270
학창시절,672
계약서,150
향,4979
절벽,699
컴온,880
앞코,343
제멋,54
노력,39941
떼,95738
간섭,1076
청소년,612
시간문제,552
방구석,3087
들길,56
지구본,36
미니,516
배가,80
허,115
뱃지,6
꽃가루,1680
탈출,1344
변명,32722
로맨스,3880
갈색,1749
심문,141
해변,9882
용의,141
험,60501
머릿결,12998
응답,438
빨간빛,147
피해자,654
전부,134184
난파,88
생물,396
외국,460
핫바지,174
김밥,1812
장사꾼,144
알통,246
격군,180
난대,12
선바람,602
메어,2285
관심,66102
자동차,9533
꿈결,53755
선팅,96
혀,43600
클라이막스,114
등골,672
매니지먼트,1960
포니테일,90
핏속,96
하소연,504
대중,2550
위법,441
나잇살,721
어안,1710
거품,12902
가수,23102
단가,85
우울,11071
클럽,13730
협,36
산삼,168
사세,182
형,15907
제목,38214
일급,39
맞장구,230
직장,24346
만화,2312
잠깐만,932
책망,840
지우개,11178
똥,1662
잡지,3787
쇠똥구리,309
비가,132
일기,5497
되새김,916
너와,50628
제자리,61648
이기심,42292
운전대,600
흰구름,666
아우성,364
혹,572
광선,1125
몸매,135262
혼,127598
외출,6956
우월,413
약간,14426
월요일,28418
홀,418
폭격,401
날티,72
홈,101024
지점,630
미덕,50
악당,780
지정,210
우위,52
불신,24
땀방울,693
은행,9931
존재감,723
바닷속,3996
속옷,10
화,117119
봉투,396
귀가,1699
별명,918
결과,9538
수학,2718
활,228
허파,548
명장면,800
거들,76
비참,17619
두상,826
우유,36785
자각,30780
치마,12649
증거,3296
여기저기,84582
고의,54
파트너,258
퇴짜,168
방구,17460
소외,60
사내새끼,1491
직전,17832
창문,19000
밤길,44
방출,642
소용,56237
부재중,25913
감사,73685
가로등,26138
권능,306
획,175608
탈영병,410
지난여름,5034
냉기,1360
엊그제,36195
청춘,3858
유리,62869
작가,106
배경,31020
뚜,18
입구,132
아퍼,8349
테레비,12
가슴,988778
감상,9897
빗방울,392
가시밭길,732
결국,35995
악덕,1527
지조,332
국회,5880
자존감,760
자책,1162
심박,68
돈벼락,240
현찰,1980
버스,25928
바퀴,95
초등학생,824
신부,861
제물,84
젊은이,626
쪽지,1074
실업자,150
안달,6342
배고픔,291
학생,7706
후,335246
산소,195
주먹다짐,84
난폭,1308
가식,184424
재주,1307
진정,633
크림,25478
가시,119836
부끄러움,1020
단계,3029
명상,304
흡수,52
조바심,6906
허수아비,15996
분위기,76856
고장,9824
휴일,525
선포,1960
대지,340
말뚝,90
단체,270
이판사판,1380
소원,25349
주사위,6926
언어,2730
닐리리,10350
팔자,1466
나이스,52
외침,3615
우유빛,240
어스름,497
엑스,1472
희생,1258
여전사,36
시비,2938
성장기,518
미동,35684
모범,1980
비결,15
자진모리,609
유머,17127
자격,5692
뜬구름,2024
차비,8570
갈수,1305
경찰,1471
내년,1260
화실,42
소유,1326
옛말,5459
야광,903
자처,594
궁둥,198
먼지,13403
솜씨,1133
가슴앓이,462
단골,100
노릇,1673
뒤뜰,147
노름,924
앞날,650
임금,50
말꼬리,133
고정,2111
체구,282
강사,6720
수확,79
꺾기,216
선두,72
죄인,2709
개뿔,192
톱니,36
강산,264
총살,21
등급,54
차별화,122
뜰,463
확신,21022
한줄기,8552
감성,20647
치명,4121
일부다처,93
가치관,180
뜸,1091
청기,291
뜻,14978
자체,2867
글씨,3004
공약,180
법석,132
오른팔,246
번식,224
본때,3556
입김,13390
흰색,672
민폐,665
재즈,395
박탈,244
사랑놀이,8520
장애물,114
흉,304
뒤란,115
노총각,304
기러기,906
흑,255
셔츠,5984
양쪽,770
네온사인,14168
바탕,1580
발견자,495
소음,6553
꼬라지,2157
방치,120
흙,1550
표현법,8
명성,123
자초,14092
띠,61861
창밖,10618
흠,1048
사스,568
젖병,546
흥,3668
현관,19194
정보,1138
작곡,17460
야구,744
식은땀,7168
센터,21
산수,72
큰맘,800
보험,755
의도,676
시나리오,42742
화풀이,1616
마련,333
끝방,16368
어쿠스틱,1673
신비,22750
라,395877
유명,36624
락,3493
우정,5159
란,1325
헛소리,66528
소장,234
공여,441
골인,2261
고조,497
구라,21
반납,441
농락,52
히,18629
빈곤,165
울음,5144
공연,642
힐,413
사슴,1285
심보,594
엉망진창,2509
우울증,112
힘,259619
래,95445
잼잼,24310
정복,2786
사슬,950
힙,1646
비교,9409
랜,112
조퇴,375
매듭,10962
사실,69520
가시덤불,23947
가시나,16110
마찬가지,3611
주세,80
논리,120
비굴,52
랩,54532
강성,5148
다음주,438
오류,18
총성,374
서핑,96
체취,195
하나님,24484
경계,1129
이날,80
동네방네,9798
소재,41404
주석,255
단추,1764
굴뚝,40131
고등학교,224
부담감,640
자국,2029
빈털터리,352
운전,20923
낙하,973
녀석,537
무게,14431
스키장,6720
보호,12
잔고,552
발끝,34168
경고,10760
짐작,1779
탈바꿈,612
시계추,148
포기,175332
매일밤,2764
문가,357
꽈배기,630
혈관,1998
소절,800
그림자,23598
순회,333
부르스,602
태양빛,100
회복,516
노트북,106
동남,768
밑바닥,2373
럼,281041
맨파워,96
끝인사,239
험담,1018
남편,711
주소,602
초인종,3556
오리,3055
레스토랑,90
틀니,30
상사,883
야근,18096
슈즈,343
손자,64
휴대폰,14010
렛,973
지진,630
컴퓨터,106
설득,136
비극,1083
명수,4032
인내,180
노모,568
골목골목,960
어깨동무,28
기쁨,151120
질주,1283
취중,777
오만,20
햇볕,800
상상,161310
아들,4080
호의,60927
직진,1334
샴페인,90
반년,762
블랙홀,116
마일리지,201
배치,63
자취,689
개구쟁이,49104
물감,10473
역사,5602
아픔,209058
가르마,392
갈매기,539
울적,675
후회,528745
우주,36914
현실주의자,54
한숨,67736
어이,8970
여사,564
로,3019
떡볶이,21
경추,120
무일푼,650
롤,382
진지,322
콧소리,962
기사,25622
롬,13997
케익,664
곤두박질,650
거짓말,348689
과열,690
공원,299
분야,642
마침표,85
은행나무,216
자극,49850
겨울바람,10
고마움,490
부여,36
동네,30731
평판,26270
수식어,9129
삼세판,64
개성,384
진짜,41852
최면,15653
요청,104
단칼,252
동녘,462
만루,260
행보,2145
행복,1162233
귓가,67639
컨텐츠,45
앵콜,228
애벌레,93
도둑놈,32
불안불안,810
그림책,270
적대심,150
보따리,66
콧물,456
물건,3024
근육,10524
객석,122
불씨,11575
기생,385
소꿉장난,54
윗도리,414
취직,642
목줄기,52
취지,21
올겨울,276
매혹,3904
자칭,1220
상실감,186
연상,46
바나나,2370
혼자,778761
역설,455
세대,558
함성,4117
일탈,661
샤우팅,414
세팅,542
불안,301149
공휴일,174
감시,640
극장,84
눈짓,693
여성,684
공유,875
호들갑,1060
장가,16368
물결,8411
어젯,180
고집,2317
점쟁이,700
유발,125
소주,52187
룩,3960
스윗,2845
어제,124256
룰,260
웃음,104941
악조건,4
기준선,18
룸,1878
한목소리,13554
한순간,12779
날라리,5875
고질,52
밀렵꾼,762
혼잡,270
색상,130
떨림,135269
발톱,4269
회색빛,24
경기,152
뒤처리,36330
얼음,15376
잠결,215
자긍심,80
보람,459
명심,34
언쟁,840
투어,384
바늘,68414
장갑,36
존대,174
실랑이,705
허섭스레기,50
대가,1809
휴지,300
커피숍,56
그전,2135
조가리,135
저마다,1086
한시,2507
옐로우,602
배꼽,154
도둑,1962
밤낮,6015
기세,230
억제,230
형체,18046
빈칸,297
겨냥,4672
오래달리기,90
브랜드,24310
어려움,63
막말,6914
전사,6
주스,645
그제,128
혈기,395
엔돌핀,52
필연,2833
골목길,53870
색색,462
당초,642
장착,12
거래,75984
요구,1205
전생,4351
납득,124
씨름,1045
공장,40167
바닥,23025
멜로디,54210
바다,252774
팔짱,38871
들통,87
첫사랑,72733
적성,55
첫날,122
가아,188
침몰,352
토마토,148
대책,191
중3,266
온라인,216
잔치,260
수록,25081
술래,11444
여의봉,125
은행잎,1050
왕따,54
시샘,1230
전무후무,50
신기루,33636
무기,512
성품,570
주실,484
주차장,369
르,9840
공백기,177
블루칩,21
식사,35371
집중,6866
핸드백,17767
밀항,18
진저리,938
오물,1064
글자,20742
연속,39130
온몸,144189
구름,45813
대처,27
이때쯤,874
계획표,12874
내편,1343
주의보,30
부위,52
자켓,906
좌절감,50
타이틀,873
대결,581
원위치,32
함수,56
전세,10195
리,202860
세포,576
햇빛,18050
내포,180
교복,3369
제비,36
화약,480
귀퉁이,134
부유,128
본래,591
전설,521
거품기,282
링,1301
새사람,518
과음,10080
마,1300
막,6478
필요,396667
사타구니,100
만,84
꿈나무,351
피자,1207
말,4972643
가업,1960
이틀,16549
신사,14838
침묵,11911
젓가락,936
나흘,10
길거리,51674
맘,4516653
착색,126
맛,36826
방탕,1505
시선,288438
한동안,12695
비바람,10156
방아쇠,415
장관,441
매,65328
기대감,2130
맥,23282
기술,685
새벽녘,1148
맨,306
서랍,4017
송이,92280
요금,154
신고서,852
구매,1071
나라,90997
출입문,1200
맴,59870
단꿈,225
계기,255
신상,90
에어,7
반대,37520
별빛,71472
과자,16368
부자,2466
이사진,42
순간순간,950
공존,941
그중,1381
잔머리,1974
사글세,498
착석,594
백그라운드,476
성장판,76
앗살람,1134
과일,148
소개팅,615
잉크,882
몸부림,3629
체크,3592
상식,78
식곤증,45
에어컨디셔너,182
청년,546
눈망울,1782
부장,602
해석,19600
사탕발림,58
능력,3760
머,122
티켓,963
먹,860
불운,325
속마음,4321
과장,1227
신세,21840
뱃길,110
셔터,104
흑자,177
실상,531
무지개,15681
혀끝,1233
발달,52
엉덩이,19372
술주정,21906
지갑,34709
멈,5472
신성,6
술기운,1735
멋,24860
오브제,441
에오,2928
멍,20999
강바람,150
평등,696
척도,438
금가루,375
상심,295
메,3074
각오,1051
지각,1764
독해,136
손짓,32140
발단,777
상실,180
안식처,101572
기스,17865
물기,2029
쪼가리,175
난공불락,568
전화기,131836
철판,38
누가,246
여신,34953
폭탄,1059
잠금,32
번역,98
박동,1996
장군,235
구멍,10317
열쇠,13269
면,16205
직감,1920
축하,24566
파란색,153
사양,3160
미흡,116
장구,9798
가요,11270
부정,41347
해소,45
담벼락,84
대추,32
위선,2656
주머니,23647
명,281
걸레,46
눈인사,486
대출,709
파라솔,9415
과정,8789
수리,539
인파,268
배탈,82
베이베,688
퇴근,3071
담배꽁초,852
스타일,52888
눈높이,746
채비,1609
이기주의자,44
베레모,3556
어린아이,10137
찬성,305
오방,828
광야,579
주둥이,240
첫눈,14602
진가,124
댓가지,67
울타리,636
잠깐,14872
모,2211
목,123721
공중,132
몫,1602
재고,1413
외투,446
핸섬,9
허락,19984
원인,569
몰,1024
공주,9764
떡밥,254
환영,4062
억지,73353
과제,12600
궤도,1430
위성,852
미래,174722
몸,587892
괴리감,486
딱지,356
들판,4229
못,15960
머리끝,1332
직책,588
업적,80
재촉,24023
불의,168
방뇨,100
아래,291749
비난,60
배너,45
매력,99564
광어,173
빗길,152
머그,80
서로,289799
토론,117
브레이크,732
참가자,1491
사연,3812
서론,2332
연습,80663
그지,212
조합,40
위기감,234
부족,142728
맘마,1352
만물,441
껍데기,30568
하루하루,13444
일방통행,3924
찬송,497
꽃가마,185
흥얼,5762
눈가,21300
노코멘트,329
용건,4
안티노미,194
불이,130
이동,935
퇴치,1960
투자,357
아랫,461
양치,334
보름달,312
체념,919
한걸음,183170
보름,582
파격,560
순리,848
난장판,438
지렛대,36
이마빡,10944
완료,87
가위,120224
머리통,60
분전,122
인사말,888
묘,93
연기력,64
성형,588
일대,340
앞뒤,30953
안정감,152
패러다임,294
종아리,645
통화,69043
대기,1974
미련,126342
바구니,7877
고개,105259
거리,1676920
새싹,419
허송세월,670
교통사고,918
발동,330
길바닥,777
허탈감,52
정사,721
하이톤,639
장기,38
무,37207
침범,3180
묵,148
흔적,47913
문,64368
우윳빛,1449
물,186374
전시,54
수면,9337
전신,1220
티끌,883
직관,255
발포,180
충동,352
거만,64
안전거리,805
장치,138
정색,3434
진척,4
빨간색,1323
새치기,88
뭍,112
빛깔,3158
파고,1070
천둥,475
뭐,1704
가을,39644
판매원,612
쉐도우,260
자태,22989
정상,2899
휴가,1538
난로,1175
짜증,171199
물고기,1138
심사,38
첨단,120
충돌,854
댓가,11224
성화,48
자격지심,3831
열심,336
숙면,1491
습작,630
사용,27600
옆모습,348
투정,68549
미로,66
수명,665
명암,5795
콤비,72
국물,28090
암호,495
단념,551
이듬해,17460
매료,1133
말문,380
얘기,462889
목선,6
각인,582
접속,441
단발머리,448
위스키,1677
수목,17241
참새,937
땅덩이,224
케이스,216
공짜,3106
숙명,7146
전쟁터,124
생색,129
지금쯤,19378
바디,5512
사계절,4512
예상,4084
초상화,14
뮤,518
정성,1150
회색,2289
전화번호,34557
사춘기,38457
실수,43924
티키,1099
회상,1026
예산,1960
포지션,135
사월,930
평화,6493
파괴,150
어처구니,58536
지구,16793
얘길,78
유토피아,21895
각자,8624
회사,4495
판결,120
한약,16
에이,39398
사원,45
긍정,465
하염,84
정서,961
화재,71
지난밤,114
지출,40
화장,63215
작년,2876
팽이,755
다툼,12043
웨어,213
총알,757
발표,12
확인,78210
홍조,1208
마법,15720
노비,315
등장인물,522
곁눈질,285
탐닉,582
찬스,36
중심,20279
폐허,412
임대,12
심심풀이,916
규칙,1445
확장,147
승자,992
불면증,80
미,1586
자부심,288
감염,224
볼륨,19351
생선,1701
트랙,329
발품,48
민,186
조화,476
블락,72
불장난,170
밀,2980
감옥,3772
가정,44
남우주연상,212
성냥개비,951
입대,175
관중,187
소개,4493
서리,624
복면,1995
방패,166
사이사이,993
면접,55
초록색,329
권력,405
핵심,24
거렁뱅이,188
창살,716
희귀종,665
점수,656
밑,62924
초점,679
희열,72
바,402
밖,280300
피질,172
햇살,194733
입담,1996
반,91305
내년도,1995
그즈음,44
발,156331
재기,441
소감,69
쭉정이,112
속앓이,915
지그,52
환자,729
밤,2043810
내리막길,815
바닷가,56565
밥,78409
천하,141
미운털,276
전광판,350
방,78039
황야,3816
후면,1170
밭,12
트럭,748
배,124230
에어백,93
명예,28020
간장,1128
재치,195
이어폰,574
진군,57
딴생각,1196
등대,7570
국민,519
책가방,180
전속력,100
출발선,16
구박,16368
접수,376
이때,3019
사임,513
뱀,674
축소판,364
발등,1155
반항,994
뱃,254
뱅,333
구릿빛,375
사이,533803
지금,465530
남녀노소,25780
화제,2356
갑옷,714
기관지,72
부진,152
사인,2976
저녁노을,4848
외도,44
여선생,14
환장,2176
비누,1180
뒤풀이,560
행사,727
말발,288
초콜렛,2180
쉰내,16
흡입,9415
부질,336
윽박,1242
실시,40
집착,62199
사장,18387
모순,138
가족,14815
엄지,4185
상품권,90
추진력,441
눈동자,21693
주연,164
배터리,24546
추락,3106
초조,405
뚱보,385
결판,309
중학생,732
사자,68234
굳은살,330
버,360
다담,27738
난리,16137
책임자,30
수화기,1008
곰돌이,140
일레븐,50
목숨,5587
번,45446
돈벌이,462
뒷면,800
벌,88418
베이스,1793
아류,457
옷걸이,50
영양제,252
담뱃값,1722
법,198736
다다,76
깁스,126
벗,2065
이해,333745
사재,175
미꾸라지,240
벙,498
본명,548
꽃미남,122
애매모호,86470
베,1527
철학,124
광장,1302
하루밤,18
오빠,87556
선망,333
벨,26
배달,766
심술,15577
따까리,1960
금지,347
대꾸,4200
눈귀,2828
각종,88
발바닥,832
장식품,929
밤거리,1989
목걸이,1053
정숙,1960
벼,3618
벽,5912
진취,63
용기,278403
변,550
사전,940
추러,259
호감,5652
배팅,8314
집게,144
별,279762
점심,30511
뒷목,951
줄담배,612
뾰족구두,343
술자리,4100
구별,174
똥칠,201
터전,504
휴식처,4002
말벗,18
병,14386
행성,2887
올림픽,780
아랫배,480
볕,6148
킬러,2127
갱신,665
목소리,436413
보물,183
블로,78
비트,412
수박,1202
가죽,1812
몸살,780
변호사,396
일등,240
문턱,325
사정,2194
한밤중,35
접시,2721
야단,17846
보,1256
복,30
평상시,350
볼,54714
허리,22059
예술,34608
수배,18
변성기,1960
봄,314828
책상,2199
디테일,269
푼수,14
여야,1610
봉,1134
강요,200
잠수부,96
나뭇잎,14
산산조각,206
여행자,142
드라마,18987
회수,26
인간관계,1552
삭제,615
수반,100
그간,1149
모습,1426953
멸종,276
콩깍지,1522
고취,80
하자,21
지고지순,126
귀티,72
눈길,39085
하늘빛,1491
봬,84
큰소리,180
취급,3755
클라스,25334
역사책,110
하인,52
악마,64989
별자리,1332
포도,20184
꾀병,456
눈치,116623
좌표,992
타협,1434
의리,54184
하재,10
변수,87
취기,805
꺼풀,68
흙바닥,52
남루,10428
페이지,11272
기약,3333
비판,963
레퍼토리,307
살인,132
건물,24903
소독차,234
수법,371
충혈,259
연애,14725
마비,1056
초콜릿색,3674
벼멸구,48
탈피,22
정식,744
번호표,13524
정신,293865
범인,1642
억겁,3870
뒷문,2052
다독,465
신경질,195
형태,34
불모지,792
부,56377
기업,45
북,1218
분,3263
인형,92341
무화과,408
폭포,340
불,211467
종이배,168
나무,13649
구분,13594
동화,3314
마빡,5472
장난,88251
기억,883541
붐,1048
작당,230
주위,127964
마이크,6725
붓,2701
법인,60
일행,14
작대,2280
빈틈,1618
황홀경,36225
대기표,18
포폭,91
거미,600
배편,333
조련,168
한잔,413742
안간힘,19543
잎사귀,1071
미모,1421
늦바람,548
공감,14157
한입,1386
권리,852
수년간,10428
대낮,594
호위병,112
공간,23622
명작,10121
다음달,36
짜가,8502
시냇물,163
몇일,456
몸속,766
별수,2164
살점,829
주의,6134
사주,8497
소나기,12830
이후,8063
가짜,125460
코스,181
전압,116
단독,24
매니저,1222
은행가,291
공개,1135
앞바다,375
천사표,18
가지,288
금요일,2165
학수고대,122
닮은꼴,840
연어,234
새침데기,308
근거,557
소금,432
주인,14664
공책,30
시스템,335
내력,81
세련,21127
증폭,116
개요,5594
바람,1178683
무늬,13710
딴청,3931
뷰,813
여왕,5501
각질,120
후배,2087
죽음,3100
강의,1506
지름길,578
설명,57963
인생살이,448
찹쌀,32
아침밥,23919
언제쯤,30820
후방,642
곱슬머리,10959
악몽,53438
다음날,16266
연예,1845
바램,2656
선물,149684
웬일,175
외할머니,15
근처,14535
둘이,180
말솜씨,140
강자,185
감정,143248
주입,63
굴복,317
작업실,2598
조롱,10428
티티,36
레디,270
품속,13888
건방,527
발자국,12043
토요일,6852
눈꼽,156
그동안,3623
더위,10269
간직,97046
살얼음,1040
현주소,963
건배,60415
풍선,4583
매무새,30
기지개,63
호구,881
반대말,140
건반,705
고민거리,1005
승질,578
변신,378
시야,1597
타바스코,1220
세로,50
구김살,112
공격,1250
해방감,94
비,266330
빅,1259
방학,89
촬영,24500
거리낌,36
여운,1340
간질,11906
자동,568
여울,78
빗,1617
빙,333
폭풍,11470
빚,41222
눈코,151
빛,737295
무대,47975
혜택,66
여우,22349
동질감,30
견해,63
쟁취,3691
빠,83632
행실,444
오두막,1035
골치,1665
단둘,9810
엔진,1034
칼바람,716
허물,78
빰,866
태도,8516
수분,1209
곳곳,4627
빵,9245
이음새,412
허무,4166
해애,1848
파워포인트,2828
안목,1005
합죽이,224
상위,100
방해,798
공경,80
빽,82
반란,333
사진,73922
갈증,1534
주정,612
테두리,834
매미,10115
문틈,754
결핍,3646
방향,1022
먹통,125
편지지,276
독립,2168
사랑방,44
도망,8668
기운,3734
나발,64
어귀,39186
담대,2828
주저,5494
종잇조각,324
저울,65
타락,37206
인공위성,2667
흉골,52
뉴스,1491
무덤,5911
범죄,1118
박력,36
뺨,45519
낭만,2386
술병,840
후보,38
여유,28819
사회생활,1960
잔돈,15
우회전,150
밤바다,236494
결함,68
손길,51714
앞치마,168
계단,7600
무더위,230
복숭아,3
강제,1919
호텔방,66
단풍,216
성립,366
공공,4560
원숭이,2592
드럼,18096
주제,13856
동장군,180
게으름뱅이,1980
의무,850
피처,663
맥박,1317
개인,1538
베일,1984
라디오,2488
세탁소,81
진양조,609
상인,546
뻑,1144
징글,2190
냉장고,5592
눈도장,324
길옆,352
위안,1167
교수,1506
과거,94707
완벽,183582
뻥,5795
즉흥,476
틀림,792
포함,276
아무것,349519
집합체,306
암막,665
강조,104
새우,615
혼잣말,19137
알몸,1254
무리수,370
커텐,172
상자,242
의문,794
파크,375
개입,286
찬양,386
범주,18096
누나,9384
노소,156
착오,34
은빛,1190
거부,70517
돈맛,21
부지기수,792
지하철,1981
뼈,3223
관객,679
선배,1732
개수작,90
랩송,52
작품,4167
부처,9
여인,1010
줄자,240
분간,474
뼘,325
눈초리,891
우두머리,354
얼굴,561938
표정,329773
맨발,1120
조리,1299
친숙,189
옥상,5156
다이나믹,60
관찰,252
지탱,473
픽쳐,198
천둥벌거숭이,720
태풍,567
어깨,159831
기대치,165
하나하나,669
수영장,18
잔디밭,340
호칭,1421
잔소리,47876
체한,215
피곤,88291
다행,38410
청혼,3411
신경전,56
머저리,1764
용납,6831
초여름,768
여자,830190
복부,112
전용,312
표적,336
저의,56
등록금,378
횟수,3220
짓거리,2062
개새끼,90
합작,750
저음,15132
전원,20
자연산,40131
뽕,1990
조립,1980
조각조각,615
기일,240
최선,5951
반론,125
타령,52
적응,5050
라인,3021
시원,9415
지망생,924
가을내,216
하지,240
이론,220
방황,7364
중절모,188
성공담,69
지네,2878
후유증,7980
경품,82
교실,375
울림소리,1308
살집,3002
머니,454
업계,112
화보집,108
자장가,683
속임수,138
연인,24579
날밤,406
아들놈,4
실연,8
아가씨,78515
눈물샘,736
단합,122
결혼,11162
변호사비,1960
인디언,133
테입,240
감지,52582
잣대,2092
소꿉,30
불협화음,624
고난,944
끼니때,50
역전,766
발자취,306
여정,472
차원,1678
내맘,144267
무표정,14186
인력,165
함정,3404
의미,98692
걸음걸이,19044
조각배,296
전율,11771
체험,230
저장,426
주변인,266
초록빛,2120
걸음걸음,23544
빙판,690
싸구려,3780
마루턱,450
기적,29693
새장,346
편법,12
할머니,22768
장님,13274
기절,2474
공기,62512
탄탄대로,564
관계,8479
비행,5872
뿔,3640
원천,375
발로,3451
테잎,2374
요동,192
중모리,609
대담,250
대답,144540
긴장,21041
사내놈,1503
전화통,278
딸기,339
귀향,123
장담,17790
탄력,7272
안방,5148
차가움,1560
서부,104
영업,182
산재보험,112
하루아침,1777
모양,23572
